time,x,y,z,target
0.0,-0.03726798015136337,-0.3390636070883651,-0.5107369324653861,fault
0.10101010101010101,-0.1329489222772713,-0.4030003223579335,-0.44903577124511573,fault
0.20202020202020202,-0.24085925320545495,-0.40821056133948785,-0.3219750407207508,fault
0.30303030303030304,-0.3381289880435861,-0.4096474789480696,-0.2558813094438125,fault
0.40404040404040403,-0.3425975292295744,-0.34919401193170235,-0.10756391149438467,fault
0.5050505050505051,-0.3371917688382337,-0.23603863327870145,0.028186607084918394,fault
0.6060606060606061,-0.2928794283754719,-0.1473337389848584,0.08419762896881856,fault
0.7070707070707071,-0.20681479377669557,-0.026502650716354714,0.17083207002656656,fault
0.8080808080808081,-0.13712331699490266,0.041791461433739206,0.16729332010789388,fault
0.9090909090909091,-0.05588207374296096,0.09859406451418122,0.1827265099837585,fault
1.0101010101010102,0.001519000042225589,0.12330168746830207,0.1784023265023085,fault
1.1111111111111112,0.04120436190142811,0.13133024466344448,0.12562633995364755,fault
1.2121212121212122,0.06075806109339624,0.09532350233098957,0.07772128387198834,fault
1.3131313131313131,0.05454708620346488,0.06499170144348708,0.03401490673090233,fault
1.4141414141414141,0.03332014410386514,0.028807923031169733,0.009550217900652113,fault
1.5151515151515151,-0.0,-0.0,0.0,fault
1.6161616161616161,-0.028106693381903226,-0.016319692404677465,0.012326756648970505,fault
1.7171717171717171,-0.0525590136385519,-0.007637948179376264,0.041162157706346104,fault
1.8181818181818181,-0.04986805607349495,0.024453049907471526,0.07862177701720578,fault
1.9191919191919191,-0.0342558575690272,0.06974713267948049,0.12994241045534013,fault
2.0202020202020203,0.005793959283668344,0.12845035594476042,0.15760414368835793,fault
2.121212121212121,0.0678412497855386,0.17347086254548244,0.17877643805298168,fault
2.2222222222222223,0.14738058748255237,0.22734169287407885,0.18425778703359658,fault
2.323232323232323,0.2331243533953285,0.25650654832264685,0.1465735495541254,fault
2.4242424242424243,0.2927881506062342,0.2562267646473149,0.07079696930330726,fault
2.525252525252525,0.32613765269661193,0.18323902751955343,0.005164885447459083,fault
2.6262626262626263,0.3201943636705063,0.10728325269163025,-0.15120847651627953,fault
2.727272727272727,0.29250264547392474,0.04621716285465008,-0.252074922535767,fault
2.8282828282828283,0.21582324811464593,-0.11159989841983221,-0.34954330587351173,fault
2.929292929292929,0.08302015166055125,-0.23508116943728674,-0.4651598774922574,fault
3.0303030303030303,-0.053489183517580675,-0.41060128519239947,-0.5133849758434496,fault
3.131313131313131,-0.2048439523598373,-0.46714511235417633,-0.4567574861505431,fault
3.2323232323232323,-0.32645476107117966,-0.5527472429805131,-0.4015592071809411,fault
3.3333333333333335,-0.5105893137702613,-0.5503797647274777,-0.2675992332845862,fault
3.4343434343434343,-0.6183208412353198,-0.5267613650125269,-0.1607179994464347,fault
3.5353535353535355,-0.6610284223556567,-0.4141501144869214,0.06932983416872047,fault
3.6363636363636362,-0.6119548673421272,-0.2226843913680559,0.30094800747449063,fault
3.7373737373737375,-0.5399132543142037,-0.06384774311992412,0.45263612193232466,fault
3.8383838383838382,-0.3819989981120545,0.17377988146764878,0.6522164640756626,fault
3.9393939393939394,-0.180586608983893,0.4509988110414117,0.7776122784176149,fault
4.040404040404041,0.04476050922533624,0.6694771431349111,0.8249018263901968,fault
4.141414141414141,0.37966704864290624,0.8245031914500515,0.795681983145638,fault
4.242424242424242,0.5167176449889361,0.9611960937295515,0.5603332042654408,fault
4.343434343434343,0.8361560407014668,0.9001831790618633,0.3866128045065089,fault
4.444444444444445,0.9710702853027883,0.8114556554320195,0.1766028839349151,fault
4.545454545454545,1.0103509603674377,0.6546148476526612,-0.116367753273506,fault
4.646464646464646,0.9036453258715443,0.31424149052955413,-0.484379110987906,fault
4.747474747474747,0.6852358227331878,-0.027242764939223195,-0.7218944134343634,fault
4.848484848484849,0.41557361093486295,-0.3700552545244602,-0.9748025284993928,fault
4.94949494949495,0.18755537435712413,-0.7126251210765596,-1.1637939797918588,fault
5.05050505050505,-0.19254682229857498,-0.9796366738787636,-1.1783706024373146,fault
5.151515151515151,-0.6454892375001912,-1.1230197072998922,-1.0647849444318527,fault
5.252525252525253,-0.7592894900388656,-1.2843743085176569,-0.8325402149587611,fault
5.353535353535354,-1.1856460538780331,-1.3071493761471251,-0.5415800668204338,fault
5.454545454545454,-1.2008899151808252,-1.0431838229892636,-0.3418664531515313,fault
5.555555555555555,-1.243785074681826,-0.6089294769013514,0.16325295017548658,fault
5.656565656565657,-1.3220562257120847,-0.45215939678748146,0.4619237714123129,fault
5.757575757575758,-1.0523365268955407,0.05007805785165348,0.8985469619169804,fault
5.858585858585858,-0.691116697797137,0.4425196442084822,1.3367176156023837,fault
5.959595959595959,-0.22292853827504763,0.9981599904606211,1.3481094232298527,fault
6.0606060606060606,0.25805043733389277,1.109905012341188,1.4085852775648386,fault
6.161616161616162,0.7210131783215034,1.457852815610177,1.410442956124858,fault
6.262626262626262,1.0451007895462336,1.3476536191767745,0.994931259500994,fault
6.363636363636363,1.356351175372158,1.267672771915644,0.5522655777720061,fault
6.4646464646464645,1.3820376987610086,1.0372617442773089,0.2428659434788053,fault
6.565656565656566,1.3151451186327479,0.6901944136382511,-0.26045620553655335,fault
6.666666666666667,1.084390164899745,0.4306844504154611,-0.6193847080912217,fault
6.767676767676767,0.7999268363052465,-0.12613830507063814,-0.8399396285406006,fault
6.8686868686868685,0.47441883499641846,-0.49030005265052873,-1.1741502469613774,fault
6.96969696969697,0.11081532196655368,-0.7030686243383198,-1.22319312511731,fault
7.070707070707071,-0.1880219229258086,-0.9134511482376089,-1.0401371978174903,fault
7.171717171717171,-0.5855303262758672,-1.095153445727187,-0.8222179418641168,fault
7.2727272727272725,-0.7825089944531319,-1.0347183108755864,-0.6950970153202429,fault
7.373737373737374,-0.9574242800645333,-0.8935675969165086,-0.39251881434176944,fault
7.474747474747475,-0.95449821470558,-0.7879858126280395,-0.029255160740446543,fault
7.575757575757575,-0.8621217461922249,-0.543853955752543,0.2620163844663249,fault
7.6767676767676765,-0.7667987357514294,-0.2201480762278574,0.4405329184164754,fault
7.777777777777778,-0.5732841475537421,0.056260815617339394,0.6621754961473967,fault
7.878787878787879,-0.24660149835045916,0.34797156914468713,0.8018627687810642,fault
7.979797979797979,-0.1021849692194453,0.5575508812854794,0.8178934922995518,fault
8.080808080808081,0.2156271973320756,0.6651051998715108,0.6680187764075283,fault
8.181818181818182,0.36038251627341583,0.6760293338349842,0.6551093346107756,fault
8.282828282828282,0.4877044373945819,0.6614088845941294,0.3511665084920064,fault
8.383838383838384,0.561384502204802,0.5549555732363882,0.24709674575710186,fault
8.484848484848484,0.6144150855169581,0.516324651599626,0.03934681151136793,fault
8.585858585858587,0.5142557238899146,0.2546655358889366,-0.1670735262745872,fault
8.686868686868687,0.4277684221955108,0.07417923699726461,-0.3019240221499237,fault
8.787878787878787,0.3224337050523887,-0.07323083299003845,-0.39021346536314744,fault
8.88888888888889,0.12564473941225127,-0.2499931682652401,-0.39898664462079514,fault
8.98989898989899,0.03816060476468771,-0.28643791104334615,-0.4077400171827011,fault
9.09090909090909,-0.09138233897576731,-0.3017282843581129,-0.3622606945055934,fault
9.191919191919192,-0.20643293457656806,-0.30775557373134405,-0.27175800062001765,fault
9.292929292929292,-0.2547802677863095,-0.293633058890771,-0.16118636743373504,fault
9.393939393939394,-0.23155077713328862,-0.23860338245728505,-0.10277470240436594,fault
9.494949494949495,-0.21627166792233812,-0.17517957065763184,-0.0037677862282623773,fault
9.595959595959595,-0.1755266668666265,-0.10167617286388576,0.060475176896253355,fault
9.696969696969697,-0.1364441490061384,-0.01520660476601914,0.08216973828043152,fault
9.797979797979798,-0.06925957680288633,0.015872656192108273,0.10260072707351717,fault
9.8989898989899,-0.02940814949038147,0.03636954638347285,0.0767543191015876,fault
10.0,-0.0004924620491516269,0.025197001158481128,0.03726115908504296,fault
0.0,-0.007729602215765408,-0.3749669859439634,-0.4690381242460188,fault
0.10101010101010101,-0.19909705451310583,-0.40041861831746306,-0.41539023373093975,fault
0.20202020202020202,-0.2726110338976613,-0.4258411912523798,-0.38183369456613775,fault
0.30303030303030304,-0.30663937645339445,-0.38779594046507654,-0.23750978478845816,fault
0.40404040404040403,-0.32599589808664403,-0.34164233855668164,-0.1048110758517891,fault
0.5050505050505051,-0.3360201473847163,-0.23607111739736733,-0.012871616112773782,fault
0.6060606060606061,-0.28711691470387923,-0.13528688853810267,0.09870634215242428,fault
0.7070707070707071,-0.2024132614735976,-0.046900925041636544,0.14626256838689403,fault
0.8080808080808081,-0.1311573178449696,0.032735290875998184,0.2000389764933748,fault
0.9090909090909091,-0.06265251889250242,0.10407302016043236,0.20643314389220785,fault
1.0101010101010102,0.007553757231561698,0.12033660235004279,0.17229163755949256,fault
1.1111111111111112,0.04639265475954658,0.13189493589012422,0.11922962735240773,fault
1.2121212121212122,0.06225811717443377,0.09510450222943109,0.07818912165844795,fault
1.3131313131313131,0.04825023640698667,0.06622095066715775,0.04050503516027672,fault
1.4141414141414141,0.02975435484249325,0.030116044018073156,0.010078990786679872,fault
1.5151515151515151,-0.0,-0.0,0.0,fault
1.6161616161616161,-0.03168878686242077,-0.014556888742092957,0.010482333029095112,fault
1.7171717171717171,-0.05269404322110027,-0.012301788844475466,0.044827514819043984,fault
1.8181818181818181,-0.05391082815898122,0.026289959397501988,0.0876850797583468,fault
1.9191919191919191,-0.031500290334269085,0.061582175211880814,0.13856316474437644,fault
2.0202020202020203,0.015400171975347415,0.12533537626487454,0.164196178640901,fault
2.121212121212121,0.06865351526511562,0.1767597737206841,0.16983569129068324,fault
2.2222222222222223,0.16153966936293046,0.22910294938121953,0.17444417762197528,fault
2.323232323232323,0.23855284899480317,0.2506220568838451,0.13240290580724554,fault
2.4242424242424243,0.3124295712511764,0.27734654881506127,0.06323996487025986,fault
2.525252525252525,0.32192131097879045,0.223550961408486,-0.026458807827204184,fault
2.6262626262626263,0.34591139874757765,0.14681384077386994,-0.11554434640687612,fault
2.727272727272727,0.30074440339819064,0.014613807433257912,-0.2686084719363788,fault
2.8282828282828283,0.23173652573860226,-0.11946040610324758,-0.3769070055410103,fault
2.929292929292929,0.15516400300573902,-0.2502823477313445,-0.42186345838187783,fault
3.0303030303030303,-0.072616543741564,-0.42398982307931476,-0.4820459218086153,fault
3.131313131313131,-0.2159091433916412,-0.49516090486405473,-0.46667642733398895,fault
3.2323232323232323,-0.37668571522139277,-0.5912818516768482,-0.44515278123548224,fault
3.3333333333333335,-0.53768970065835,-0.545605038606863,-0.2699543971845224,fault
3.4343434343434343,-0.6336707451493744,-0.5221187156394362,-0.1197544053854479,fault
3.5353535353535355,-0.6714709801625448,-0.4427636434309171,-0.022861765287306927,fault
3.6363636363636362,-0.5967715703906302,-0.2094228019376228,0.24641761480321803,fault
3.7373737373737375,-0.507573976207673,-0.08693696873186191,0.540509982871575,fault
3.8383838383838382,-0.31562789077058345,0.18147233039411814,0.6808639022770481,fault
3.9393939393939394,-0.14282727484838573,0.5204045110417718,0.7600687243631407,fault
4.040404040404041,0.10410970454858319,0.6627416175317624,0.811548741710612,fault
4.141414141414141,0.3481818885067913,0.870618889885213,0.7501303708500764,fault
4.242424242424242,0.6834879036239478,0.8845154550982519,0.6911519664160442,fault
4.343434343434343,0.7527599433604397,0.9223911608103164,0.3478956645744868,fault
4.444444444444445,0.927674890458759,0.8069100791835928,0.2052856411162238,fault
4.545454545454545,1.0192758082194513,0.6137367844384248,-0.1208725510575584,fault
4.646464646464646,0.9739205170999407,0.2975618954813141,-0.49879651793670765,fault
4.747474747474747,0.6363711040753451,-0.03938632313352384,-0.7132313958092946,fault
4.848484848484849,0.4899588078875692,-0.3243920148866386,-0.8593933465321415,fault
4.94949494949495,0.16328864553665867,-0.6411122538416028,-1.1134262915136677,fault
5.05050505050505,-0.1813426975034015,-0.9931105259567263,-1.0656002199811105,fault
5.151515151515151,-0.4851600205955586,-1.0663502163742413,-1.0819373722994805,fault
5.252525252525253,-1.0180527504266053,-1.2195729714340267,-0.9655076813685325,fault
5.353535353535354,-1.1682802836605728,-1.331621720812291,-0.535844666449062,fault
5.454545454545454,-1.2807737893943418,-1.0847497124192123,-0.23156303854045948,fault
5.555555555555555,-1.2893784642558292,-0.763166190003606,0.14187699594267283,fault
5.656565656565657,-1.2291768031526484,-0.45710732573862795,0.663674561325849,fault
5.757575757575758,-1.1054036699354985,-0.023939673552717394,1.1015397190508738,fault
5.858585858585858,-0.632376944015805,0.41488649123358146,1.3917290737079178,fault
5.959595959595959,-0.1592143749777707,0.990599425830983,1.3725080838815282,fault
6.0606060606060606,0.2267799814796015,1.226128383593718,1.4855352592961357,fault
6.161616161616162,0.7072703276700822,1.4740359464900323,1.129795525765992,fault
6.262626262626262,1.0743645142654974,1.4117486008978866,0.8565074553597913,fault
6.363636363636363,1.178414101393348,1.2928167928055156,0.5631534630292959,fault
6.4646464646464645,1.3182058238847678,1.1100356072229092,0.08349794902399763,fault
6.565656565656566,1.3556808681608845,0.7111060282229547,-0.17894883938651676,fault
6.666666666666667,1.1092995222716597,0.1982092974600234,-0.6109517283655512,fault
6.767676767676767,0.854003080655853,-0.08195359167556449,-0.8994996189917196,fault
6.8686868686868685,0.4422093732521484,-0.5208363715108656,-1.123800988072755,fault
6.96969696969697,0.13782784962691627,-0.8911807578858885,-1.1644115563955757,fault
7.070707070707071,-0.2991250758813659,-0.9812939649071122,-1.053630484256995,fault
7.171717171717171,-0.5609302676351169,-1.040445711973025,-0.9299764292818476,fault
7.2727272727272725,-0.7367613711144192,-0.9433333097680195,-0.7031727601044545,fault
7.373737373737374,-0.9703141173933679,-0.9210088337382352,-0.3421286076065848,fault
7.474747474747475,-0.8975185814518131,-0.7705135742983067,-0.09058375960034235,fault
7.575757575757575,-0.953585643204063,-0.4274577043930908,0.18448691629474948,fault
7.6767676767676765,-0.7098318648374934,-0.3373798477203043,0.41914759001844504,fault
7.777777777777778,-0.5564617856321917,0.09783849457380285,0.6197254037455973,fault
7.878787878787879,-0.26168058709690206,0.3034806248646178,0.7749410489522255,fault
7.979797979797979,-0.10982076494403621,0.44322217943507913,0.7694336472130412,fault
8.080808080808081,0.172665652933556,0.7221081354465795,0.7722810567272784,fault
8.181818181818182,0.36506842618765495,0.6725960992553315,0.6402745360694178,fault
8.282828282828282,0.48541751985035547,0.6895610245392136,0.4149862240701529,fault
8.383838383838384,0.6026801791188606,0.5915867102951908,0.23230992004809659,fault
8.484848484848484,0.5983502158553544,0.4523764475940997,0.054167037340673754,fault
8.585858585858587,0.5660201993877397,0.28443367097524075,-0.17889417414247838,fault
8.686868686868687,0.39825389037757486,0.10805505336007633,-0.31078689816239086,fault
8.787878787878787,0.3281583556168848,-0.032398466359952194,-0.3938411991890155,fault
8.88888888888889,0.16384144075338514,-0.19086753495049133,-0.41887602549627295,fault
8.98989898989899,-0.011286854839998474,-0.29578134247673626,-0.39764963965715516,fault
9.09090909090909,-0.11010956360322924,-0.33073978578984553,-0.3634947335617975,fault
9.191919191919192,-0.17060284902070044,-0.34600527220623917,-0.3092360250056758,fault
9.292929292929292,-0.23490454220172322,-0.2929535259244339,-0.17200698456475283,fault
9.393939393939394,-0.27372243891422476,-0.25459185918643634,-0.1003857934923717,fault
9.494949494949495,-0.22574078732995392,-0.16821475234905223,0.0033171185672987834,fault
9.595959595959595,-0.17804942314611835,-0.07287646699829883,0.05881693589692661,fault
9.696969696969697,-0.12289510298198628,-0.020989046628450983,0.09843028901563028,fault
9.797979797979798,-0.06774640779229862,0.021014773761630638,0.08601717320951345,fault
9.8989898989899,-0.02700005000674197,0.036894231117317315,0.06717787302137031,fault
10.0,-0.0018869445369756026,0.028054760842056603,0.03888553202895992,fault
0.0,-0.022113383408012003,-0.35807164655414786,-0.5085027266245067,fault
0.10101010101010101,-0.12127579313594944,-0.46387669848528723,-0.42812433869617866,fault
0.20202020202020202,-0.2287937670233334,-0.4433851646687726,-0.3445314487994763,fault
0.30303030303030304,-0.31501093912782857,-0.37846816908665026,-0.23748510083594498,fault
0.40404040404040403,-0.35417499493585375,-0.3105265234490745,-0.12848254109184573,fault
0.5050505050505051,-0.3311724104141929,-0.26568585754405394,-0.0019703690706000406,fault
0.6060606060606061,-0.31138850183337435,-0.14554546203272095,0.0937151771085848,fault
0.7070707070707071,-0.22710725035750837,-0.025333338779152798,0.1439336755844765,fault
0.8080808080808081,-0.1288878696004868,0.029383286859183,0.19368934488525577,fault
0.9090909090909091,-0.051682968021905244,0.09040457126987961,0.19182523198151052,fault
1.0101010101010102,-0.0012424310649247889,0.12482140207269134,0.16590781789563272,fault
1.1111111111111112,0.03489273479464839,0.12422514177063518,0.12076186984742839,fault
1.2121212121212122,0.06481108767694825,0.08835396250787235,0.07424638134253003,fault
1.3131313131313131,0.05736616323334625,0.0639244911811865,0.03819557349570502,fault
1.4141414141414141,0.03149119490518652,0.024638545261868296,0.008732206633153793,fault
1.5151515151515151,-0.0,-0.0,0.0,fault
1.6161616161616161,-0.02893890668431975,-0.014985826196806822,0.01397595947619356,fault
1.7171717171717171,-0.04941428785261439,-0.009944192691227883,0.04854260060503581,fault
1.8181818181818181,-0.06786475815802256,0.022295862696666235,0.07387620367979665,fault
1.9191919191919191,-0.036313979225081436,0.06696923883139934,0.1292826108329553,fault
2.0202020202020203,0.01991016237870203,0.12169685709569181,0.16259569039973965,fault
2.121212121212121,0.06451840638585665,0.18873834089123354,0.17271933278646798,fault
2.2222222222222223,0.14213563108497035,0.23741438518190797,0.1714129807131163,fault
2.323232323232323,0.20349131636110465,0.2730635325329099,0.15178473710402896,fault
2.4242424242424243,0.28913354687538945,0.2713877529542637,0.04213009648755757,fault
2.525252525252525,0.3278427768816808,0.25227979585070087,-0.010938214844366028,fault
2.6262626262626263,0.35646810840989435,0.10457911953943709,-0.1487276923715128,fault
2.727272727272727,0.32310080774264544,0.013368273284392204,-0.2870025385632052,fault
2.8282828282828283,0.22067830415594378,-0.11568215456679154,-0.3467162482633539,fault
2.929292929292929,0.12249861472112755,-0.25283015489680094,-0.43162532444328044,fault
3.0303030303030303,-0.06777546830485008,-0.39314761500099854,-0.48551262540151247,fault
3.131313131313131,-0.18506752585236433,-0.5117950189967684,-0.49839336229441383,fault
3.2323232323232323,-0.4270037436267005,-0.5678254871386649,-0.41036794850530073,fault
3.3333333333333335,-0.5227358212214014,-0.6016146231910361,-0.2803922427235388,fault
3.4343434343434343,-0.6307547242495749,-0.5161940546318486,-0.1429933508982799,fault
3.5353535353535355,-0.6631579377087214,-0.46185952735325964,0.05781679713189781,fault
3.6363636363636362,-0.5973036845320929,-0.28395313820044016,0.2371962907667203,fault
3.7373737373737375,-0.5693430127182669,-0.04730683486869262,0.48677921218439857,fault
3.8383838383838382,-0.41510362259908534,0.22999326683944146,0.6971135727230457,fault
3.9393939393939394,-0.21355594925495805,0.4663515618903067,0.744462126112859,fault
4.040404040404041,0.1284537292547566,0.6989044049838989,0.7759726385504377,fault
4.141414141414141,0.3121589499346284,0.8255271959841687,0.7849533278781188,fault
4.242424242424242,0.624589536383655,0.9135439853192421,0.6428291722196569,fault
4.343434343434343,0.826151971929002,0.8219045243291793,0.46270714094492993,fault
4.444444444444445,0.9038884686309504,0.7176705782855265,0.1767019141988753,fault
4.545454545454545,0.9395972494543978,0.6161134060699776,-0.15143362762609391,fault
4.646464646464646,0.9464741976427842,0.26438268280394306,-0.4374210325950829,fault
4.747474747474747,0.7632977066277244,-0.012866021579561923,-0.7685761857011277,fault
4.848484848484849,0.4577686159298221,-0.30394431661070825,-0.9968444495250893,fault
4.94949494949495,0.16985579883901614,-0.7381758346024754,-1.1809237129542751,fault
5.05050505050505,-0.07417418163938999,-0.8605491385341134,-1.2078663994322516,fault
5.151515151515151,-0.514619224671955,-1.1218305950996141,-1.1159731470228222,fault
5.252525252525253,-0.900496711240229,-1.3152240398619777,-0.9515284585932438,fault
5.353535353535354,-1.2326552905921295,-1.2555075913257727,-0.527501293493446,fault
5.454545454545454,-1.3081869832162554,-0.9790633218019299,-0.24183220943407674,fault
5.555555555555555,-1.481538551788747,-0.6981275520711928,0.2903917427237789,fault
5.656565656565657,-1.0746551272834748,-0.4360962035496145,0.6625947658172494,fault
5.757575757575758,-1.0636037478186091,-0.032318394255058565,1.0982010336545744,fault
5.858585858585858,-0.7822282888360168,0.38638482918255895,1.3377739357882568,fault
5.959595959595959,-0.1869008387897255,0.8895668113785288,1.507615151989509,fault
6.0606060606060606,0.3426979081762298,1.1955135079427897,1.5379951404117647,fault
6.161616161616162,0.8603130437284643,1.5443706818328593,1.3261156958088984,fault
6.262626262626262,0.9848809894721795,1.3659076231313718,0.9338105173949267,fault
6.363636363636363,1.2965926761946418,1.2560439433172528,0.3855686910255607,fault
6.4646464646464645,1.3427077338241595,1.1078870907967129,0.1113851290919134,fault
6.565656565656566,1.357079482527299,0.7452339524248532,-0.274570601433593,fault
6.666666666666667,1.0382109734612945,0.34665161193146254,-0.6553062804041108,fault
6.767676767676767,0.8116175755346586,-0.07617799870222161,-0.9631429045183161,fault
6.8686868686868685,0.4541295096348711,-0.40003604675457344,-1.0293309136592328,fault
6.96969696969697,-0.005716016218471751,-0.6100589143782201,-1.1203139187441307,fault
7.070707070707071,-0.31496310644863634,-0.9582230266758074,-1.1580345269230354,fault
7.171717171717171,-0.5515165440935641,-1.1272199593502874,-0.9044033340526454,fault
7.2727272727272725,-0.7825076853659185,-1.07908619662717,-0.6815942489660555,fault
7.373737373737374,-0.9115465299249523,-0.9357215536767572,-0.46575541472000104,fault
7.474747474747475,-0.9378342961779003,-0.762308033320383,-0.11760464700847903,fault
7.575757575757575,-0.9355926920956258,-0.5744165962713156,0.17942381540151336,fault
7.6767676767676765,-0.7152629349442632,-0.14042915462984434,0.4531333674030129,fault
7.777777777777778,-0.4707980203697047,0.09718026628356824,0.5953019367737613,fault
7.878787878787879,-0.3331660636872256,0.3089886692032767,0.8193248747174958,fault
7.979797979797979,-0.023448190858213577,0.5578295379723275,0.8057625650245035,fault
8.080808080808081,0.18751195159866635,0.6644589244092898,0.7983802133070965,fault
8.181818181818182,0.3676100437607605,0.7049278508312858,0.6120183555977239,fault
8.282828282828282,0.46741085877614547,0.6573301128852687,0.4433906845957349,fault
8.383838383838384,0.639133998308992,0.565769851385691,0.1650558458687778,fault
8.484848484848484,0.6505275275326338,0.44838577960171755,-0.006574239086232769,fault
8.585858585858587,0.5355374063716054,0.25100571372742453,-0.1714227941696721,fault
8.686868686868687,0.44796169827227705,0.09902409740625386,-0.2958809533046159,fault
8.787878787878787,0.2680094776593123,-0.0479063132520133,-0.38270453510878266,fault
8.88888888888889,0.1596251182134399,-0.14674290732830278,-0.4339604478997477,fault
8.98989898989899,0.03500952612861228,-0.2945891425722037,-0.38503252955835576,fault
9.09090909090909,-0.0800426663299771,-0.3653319180162353,-0.3386622603420243,fault
9.191919191919192,-0.19049501061400934,-0.33668607817170865,-0.27590263691584027,fault
9.292929292929292,-0.2394457739904129,-0.3123378628985285,-0.1662284279548321,fault
9.393939393939394,-0.24179171365579286,-0.26266680293575345,-0.06511512943585374,fault
9.494949494949495,-0.24145163603582584,-0.1414374391233182,-0.010298540497824558,fault
9.595959595959595,-0.17463118133434039,-0.08096292240676681,0.06582714924062791,fault
9.696969696969697,-0.12483576825022943,-0.01977334921214334,0.09232739634442862,fault
9.797979797979798,-0.07281534744781501,0.01063214063322371,0.09013606330640096,fault
9.8989898989899,-0.02397451164247633,0.03822141587115978,0.07021252142637698,fault
10.0,0.0022083632032757127,0.02721277903699333,0.038247022582942575,fault
0.0,0.02693974269340134,-0.36236618045275004,-0.49191906399269136,fault
0.10101010101010101,-0.15943157651736584,-0.40888437587996124,-0.4555763404274188,fault
0.20202020202020202,-0.24898818300751555,-0.4203506426264949,-0.3550554857653146,fault
0.30303030303030304,-0.3099273309204446,-0.3975548166085699,-0.23299583292178228,fault
0.40404040404040403,-0.3604440926083828,-0.37030373872377553,-0.10423273126867344,fault
0.5050505050505051,-0.32456146896004723,-0.2273719401749407,0.009381225633685101,fault
0.6060606060606061,-0.2903822767775265,-0.13007942251207752,0.08993531891713868,fault
0.7070707070707071,-0.2231556207111192,-0.0198795501009462,0.16408079520870988,fault
0.8080808080808081,-0.12684381214650262,0.037089960919810774,0.17062517777381253,fault
0.9090909090909091,-0.04009395336809906,0.10133811891283917,0.17538591811318902,fault
1.0101010101010102,-0.002309125228483517,0.12419895677504268,0.16984023202582316,fault
1.1111111111111112,0.04758609191684543,0.12555551237301144,0.11200877338033971,fault
1.2121212121212122,0.06561126563283688,0.10256810559660352,0.07582642474168812,fault
1.3131313131313131,0.052899180315639525,0.057352009271525284,0.03567333949402834,fault
1.4141414141414141,0.030287456377538744,0.03152457083530195,0.009714909982767734,fault
1.5151515151515151,-0.0,-0.0,-0.0,fault
1.6161616161616161,-0.027859252390812366,-0.015758922473677637,0.014758320967249399,fault
1.7171717171717171,-0.05249562256315942,-0.009275581499613408,0.03782565728840816,fault
1.8181818181818181,-0.058223786446713,0.017661134190169046,0.08571187046707478,fault
1.9191919191919191,-0.03355054687210806,0.0693309031848412,0.12185750304906477,fault
2.0202020202020203,0.016806330340554284,0.1273641602746257,0.1563513253922357,fault
2.121212121212121,0.05353397503900593,0.18813151479277943,0.18900559750615395,fault
2.2222222222222223,0.14951211941444928,0.22734909193491992,0.16807391194132573,fault
2.323232323232323,0.21541985943103836,0.2807723020770024,0.14518352803497026,fault
2.4242424242424243,0.25599322254046825,0.2538361897555373,0.06896409048523414,fault
2.525252525252525,0.35300788405441813,0.2105503865096633,-0.03054969305453653,fault
2.6262626262626263,0.3390935954703548,0.13200300418450178,-0.1349646891000963,fault
2.727272727272727,0.315567772289461,0.01199683315101329,-0.27688764127039656,fault
2.8282828282828283,0.22070927783441027,-0.1182629203719268,-0.3946865278677469,fault
2.929292929292929,0.08658135413210771,-0.28218002035522527,-0.421513341918119,fault
3.0303030303030303,-0.07873909081799338,-0.40928818309288995,-0.5592510158456021,fault
3.131313131313131,-0.20007783531023274,-0.5275227906540483,-0.48108050371199074,fault
3.2323232323232323,-0.39556789690173855,-0.5686678533015612,-0.41544649469367967,fault
3.3333333333333335,-0.5459038568550445,-0.5590577017856314,-0.34019947717824,fault
3.4343434343434343,-0.6028879987290402,-0.5201260061784785,-0.10825384946378978,fault
3.5353535353535355,-0.6719123928168146,-0.44368441990439744,0.07983344193055744,fault
3.6363636363636362,-0.6359606479742135,-0.2517480542191895,0.29573777708757587,fault
3.7373737373737375,-0.5510904746235732,-0.028656834916654612,0.487437684568963,fault
3.8383838383838382,-0.32690452683495624,0.24577013747727225,0.6569979461559884,fault
3.9393939393939394,-0.22234721081396136,0.4360206620949339,0.7079083943328097,fault
4.040404040404041,0.1417378617673902,0.6672938732802944,0.8242099926267358,fault
4.141414141414141,0.37858027342967815,0.8414388492893228,0.7915617788014014,fault
4.242424242424242,0.6440375931313551,0.9100909886003374,0.6769082462266596,fault
4.343434343434343,0.8876101342918663,0.8844731640721702,0.4805601867372856,fault
4.444444444444445,0.9191250235276036,0.7518540358203855,0.17300290068020854,fault
4.545454545454545,1.0299302264596188,0.6729064071621585,-0.10021697069529897,fault
4.646464646464646,0.8527773071501001,0.3635076739223775,-0.46673728180496776,fault
4.747474747474747,0.8033062333575609,0.03457930279257753,-0.7405905332602941,fault
4.848484848484849,0.368990627618725,-0.25439559363116376,-0.9647038791995278,fault
4.94949494949495,0.16667327619766803,-0.6841457972157834,-1.2123683662738363,fault
5.05050505050505,-0.12541099705653233,-0.8685751858650382,-1.093982808120614,fault
5.151515151515151,-0.506656725939831,-1.1742507692450985,-1.0455597778097374,fault
5.252525252525253,-0.9354420148925767,-1.1082212524321926,-0.8768589714270093,fault
5.353535353535354,-1.2075541318619962,-1.2098390608092848,-0.6215207503967071,fault
5.454545454545454,-1.3466229174159499,-1.122680132099567,-0.20607551369879604,fault
5.555555555555555,-1.3264824356036105,-0.8009682487201896,0.3333788097776032,fault
5.656565656565657,-1.1702574504701957,-0.45126071502499526,0.7100036088261874,fault
5.757575757575758,-1.0508292107261878,0.06942720976822515,1.0208637524931763,fault
5.858585858585858,-0.6653834115373338,0.4302833671449398,1.2523491907090183,fault
5.959595959595959,-0.1153053672767834,0.8896700314936707,1.3905836040272608,fault
6.0606060606060606,0.37090548153432384,1.3388093786490267,1.592747087809371,fault
6.161616161616162,0.6426901460556248,1.5377502869828104,1.3129261488519728,fault
6.262626262626262,1.0904310458667914,1.3666038397947733,0.8760619261298724,fault
6.363636363636363,1.338412263168309,1.2665584197182,0.5477554283849871,fault
6.4646464646464645,1.3515744320322323,1.0128334180902236,0.22648495938054797,fault
6.565656565656566,1.3475280669474887,0.5897026935621341,-0.2880765295110858,fault
6.666666666666667,1.1630635223551906,0.3525217888104149,-0.6191961274866891,fault
6.767676767676767,0.8397081351127247,-0.0969993662309976,-0.817435121019614,fault
6.8686868686868685,0.5693369845966822,-0.48710700231367965,-1.0820207496508722,fault
6.96969696969697,0.13216671119797854,-0.7279285777559077,-1.2600530813684767,fault
7.070707070707071,-0.2528004490071483,-0.8998266858406161,-1.1067356795869447,fault
7.171717171717171,-0.590214023158412,-1.0217325832240913,-0.9310406941825413,fault
7.2727272727272725,-0.7745610406801167,-1.0435283071996653,-0.7280249043293262,fault
7.373737373737374,-0.9698062316249461,-0.9641608385780419,-0.2807710881171308,fault
7.474747474747475,-0.9926577018699346,-0.8330043589749914,-0.015876580935535792,fault
7.575757575757575,-0.9434841448839495,-0.37780612807090547,0.15768140638163694,fault
7.6767676767676765,-0.7887625679274175,-0.28489037741470685,0.510118899604258,fault
7.777777777777778,-0.520417630979184,0.04721264300978362,0.6071120941713706,fault
7.878787878787879,-0.27514579248467497,0.39805566855911506,0.8242839359240219,fault
7.979797979797979,-0.047165852050743515,0.5688245752235077,0.7711285210814239,fault
8.080808080808081,0.17688677519182466,0.6813693834854078,0.7132387845484295,fault
8.181818181818182,0.331616012592981,0.6828405303780962,0.5897980013765944,fault
8.282828282828282,0.5065789118546589,0.6038971620110517,0.454902628354798,fault
8.383838383838384,0.6262942228715097,0.5282791204877073,0.22525102773705066,fault
8.484848484848484,0.5743678387735593,0.4326063562891336,0.0090663494487551,fault
8.585858585858587,0.532924027160678,0.32775002143885335,-0.10530359314490592,fault
8.686868686868687,0.4284171942948227,0.10912647961002953,-0.2860268407883631,fault
8.787878787878787,0.3113998687974519,-0.05755146763707022,-0.34320909838050584,fault
8.88888888888889,0.14904638220705713,-0.14171718547065898,-0.4655953004372966,fault
8.98989898989899,-0.002607862299931836,-0.2867468759333708,-0.41531342220973244,fault
9.09090909090909,-0.12091752613881071,-0.3308310772293052,-0.3670897077011962,fault
9.191919191919192,-0.20731629051785308,-0.3416850881059966,-0.2855830347613998,fault
9.292929292929292,-0.2373432306306315,-0.3117718632944865,-0.16125820757304196,fault
9.393939393939394,-0.26138415876081034,-0.23902918534888326,-0.09069445403317263,fault
9.494949494949495,-0.22453190032096232,-0.17161409840623656,0.014089194542647204,fault
9.595959595959595,-0.1788184652508081,-0.07353539469401088,0.05572452393530117,fault
9.696969696969697,-0.1309574092860676,-0.020119180006018617,0.06845834131859689,fault
9.797979797979798,-0.05800312505908239,0.01509120636101845,0.09267596004397385,fault
9.8989898989899,-0.02888369995253815,0.034612029490151394,0.07466386479800195,fault
10.0,0.00169680891685136,0.02655068101869603,0.0378895453991122,fault
0.0,0.011578254111680729,-0.3284901051892293,-0.4892126460434546,fault
0.10101010101010101,-0.1326618165622618,-0.42141353488446026,-0.4267811492166886,fault
0.20202020202020202,-0.23079636259240563,-0.4193397077626324,-0.33953394090127204,fault
0.30303030303030304,-0.31785116348259085,-0.39539815777637216,-0.2282214675658743,fault
0.40404040404040403,-0.3537910885011789,-0.3107027799319111,-0.12280873139336905,fault
0.5050505050505051,-0.32689023396824374,-0.2286639234704007,0.004628207753674763,fault
0.6060606060606061,-0.28775112886430043,-0.15336539815040137,0.10826313693623474,fault
0.7070707070707071,-0.21625366730771553,-0.05469826737202567,0.18719792876185085,fault
0.8080808080808081,-0.14146034183173783,0.046254678005461104,0.20699781952198357,fault
0.9090909090909091,-0.06840530096480911,0.08121819373923388,0.17909482559832976,fault
1.0101010101010102,0.013518888188301579,0.11544816910863617,0.159917807376901,fault
1.1111111111111112,0.04926139034935975,0.12431788437009855,0.12160980395853223,fault
1.2121212121212122,0.059194794451220445,0.09861832142281532,0.08457917488627825,fault
1.3131313131313131,0.05844375883179155,0.06871303938414457,0.03435345205190599,fault
1.4141414141414141,0.03189143831240577,0.027418489549646978,0.008827982764888082,fault
1.5151515151515151,-0.0,-0.0,0.0,fault
1.6161616161616161,-0.030441506825818785,-0.015012963433144772,0.009180817816505255,fault
1.7171717171717171,-0.04825081671783847,-0.00637701637384088,0.044157595817854105,fault
1.8181818181818181,-0.051940444184992864,0.013114956744058751,0.08638075810990026,fault
1.9191919191919191,-0.03279124080509771,0.06247526565947908,0.13746370050835577,fault
2.0202020202020203,0.008643894329439876,0.1186482112013955,0.16353045571632868,fault
2.121212121212121,0.07033549125332518,0.1781959103413618,0.18463932112184078,fault
2.2222222222222223,0.17026382420793115,0.22818940108712238,0.18863416709330105,fault
2.323232323232323,0.21094749208102004,0.2771714825964963,0.14345525985351248,fault
2.4242424242424243,0.2824658886860905,0.22302086120963951,0.0754175736195806,fault
2.525252525252525,0.35842266211736656,0.24209078058189204,-0.038512201543249504,fault
2.6262626262626263,0.33215237307097506,0.14323617858161347,-0.1250225351236526,fault
2.727272727272727,0.3131836366651468,0.03787370073875354,-0.19424534780801253,fault
2.8282828282828283,0.2064418118273135,-0.08602321764774787,-0.39026995092235367,fault
2.929292929292929,0.11858279378547994,-0.2482831613159091,-0.4373916547623781,fault
3.0303030303030303,-0.0485513492833418,-0.3748385304946667,-0.5035244711216286,fault
3.131313131313131,-0.29700297952641636,-0.48902202085190566,-0.5268026515758749,fault
3.2323232323232323,-0.4032136330211273,-0.5743735277897368,-0.4362791967696451,fault
3.3333333333333335,-0.5211026470155191,-0.6162643673761061,-0.35970479618722323,fault
3.4343434343434343,-0.6437188695601169,-0.45116101231503,-0.1802612761687238,fault
3.5353535353535355,-0.7004289725239772,-0.4044807300089438,0.06431207040287575,fault
3.6363636363636362,-0.6179345197565,-0.2953190779003662,0.32409498159940797,fault
3.7373737373737375,-0.45602645505543965,-0.09316960331829469,0.4541972866497453,fault
3.8383838383838382,-0.4389370390508082,0.1915734273602165,0.6531439852981274,fault
3.9393939393939394,-0.1535766025093569,0.47936897313618154,0.8646698912275828,fault
4.040404040404041,0.11918523627681596,0.5995209328804646,0.8631698668044908,fault
4.141414141414141,0.29063046665294917,0.830585083410226,0.7991591277737318,fault
4.242424242424242,0.6080002630845582,0.9922085788659842,0.6634940885799506,fault
4.343434343434343,0.8294815458841095,0.8983786703015354,0.4668252196408747,fault
4.444444444444445,0.9461446574959819,0.7351500435067752,0.2297367159211308,fault
4.545454545454545,1.0071012659323217,0.6404351478841145,-0.20051721088916252,fault
4.646464646464646,1.0090563431563593,0.30525791160536675,-0.438089189038627,fault
4.747474747474747,0.8321350618286102,0.037019426098892604,-0.7202812206822415,fault
4.848484848484849,0.567059607430896,-0.3501372880458671,-0.9230998918762142,fault
4.94949494949495,0.16112194604959076,-0.5615150433949725,-1.153785974066962,fault
5.05050505050505,-0.2812802016177311,-1.0130312213610757,-1.2366199861554406,fault
5.151515151515151,-0.48640418185706513,-1.228546303662532,-1.041443013941981,fault
5.252525252525253,-0.8486366502273525,-1.2741562097250918,-0.9828959091167314,fault
5.353535353535354,-1.227335114069673,-1.2459660082498343,-0.5361414027156024,fault
5.454545454545454,-1.2327806132939003,-0.9668259464961821,-0.14984155026547497,fault
5.555555555555555,-1.415167589410089,-0.7099298628068156,0.339471081359334,fault
5.656565656565657,-1.2549683161905445,-0.4275722325275621,0.6754832165865855,fault
5.757575757575758,-0.9810212234384731,0.18052211880016386,1.1488520321338394,fault
5.858585858585858,-0.7154731457799706,0.4061636222623113,1.1768404920683317,fault
5.959595959595959,-0.15861232650556925,0.8884612219367315,1.4276239757201372,fault
6.0606060606060606,0.21713503818455404,1.018982825259533,1.3393969263378853,fault
6.161616161616162,0.7948691293179623,1.4646666936904262,1.264858735468118,fault
6.262626262626262,1.017066958234556,1.38265375520062,0.7810910138224052,fault
6.363636363636363,1.3277584660915016,1.2492429975612434,0.5887356207759378,fault
6.4646464646464645,1.3245993797979183,0.9472201769704244,0.05713957001634446,fault
6.565656565656566,1.2465051537905545,0.6703316746552913,-0.31376496878634824,fault
6.666666666666667,1.063215263143991,0.4295325239493879,-0.5835052294892329,fault
6.767676767676767,0.8442963934387753,-0.05060422814139219,-0.9038011322270565,fault
6.8686868686868685,0.41083345153249884,-0.463449648706469,-1.0657677045827725,fault
6.96969696969697,0.08175849483902044,-0.7147650368715472,-1.1212662964823692,fault
7.070707070707071,-0.11077491796402242,-0.9311764543367814,-1.1522669516878254,fault
7.171717171717171,-0.5441647808304046,-1.054249716811575,-0.8587373648029472,fault
7.2727272727272725,-0.8401444287623756,-1.14550671784351,-0.6553534128942977,fault
7.373737373737374,-0.8832669596282022,-0.950602013579579,-0.4098613967663392,fault
7.474747474747475,-0.8549838788352552,-0.7229845305622432,-0.032926596864784684,fault
7.575757575757575,-0.9104637624837216,-0.5501413922231587,0.28660385622925105,fault
7.6767676767676765,-0.7962999349274023,-0.16547049076245987,0.45595321759047014,fault
7.777777777777778,-0.6390527332746742,0.10276085892294742,0.6817715298579698,fault
7.878787878787879,-0.3306088138731244,0.3014117740128329,0.7770960272274758,fault
7.979797979797979,-0.08829667026569829,0.48955622718413816,0.8302451316384731,fault
8.080808080808081,0.18297434440034635,0.624217789782628,0.7270768233857089,fault
8.181818181818182,0.40450551385419276,0.6673748834011065,0.6151617071837095,fault
8.282828282828282,0.5237771117394063,0.6828548745347519,0.43308928290780907,fault
8.383838383838384,0.6255866234063726,0.6839010177584549,0.25710319430596296,fault
8.484848484848484,0.5658366314492167,0.44670491672114704,-0.00784255452656254,fault
8.585858585858587,0.5655097917037474,0.2859007844745068,-0.13520116346691113,fault
8.686868686868687,0.4278368544737252,0.08105184397439187,-0.32309025607874947,fault
8.787878787878787,0.3108646714469676,-0.05921097497135691,-0.408175780274771,fault
8.88888888888889,0.1536578108379553,-0.18891212761371787,-0.4350954779481036,fault
8.98989898989899,0.029102626090210096,-0.26044715051557193,-0.4025246066743838,fault
9.09090909090909,-0.13521761736253296,-0.32083568874508517,-0.3400967366462278,fault
9.191919191919192,-0.19556693899215738,-0.3525904729883594,-0.2702249943258955,fault
9.292929292929292,-0.25117236436876306,-0.31912371002731404,-0.17469196549212265,fault
9.393939393939394,-0.22256635276555198,-0.23599444790829752,-0.11678478879833572,fault
9.494949494949495,-0.22014652130644166,-0.15844923882164333,0.011739436420527142,fault
9.595959595959595,-0.1682487748719846,-0.10033551583633185,0.06747992568282982,fault
9.696969696969697,-0.11922588794045474,-0.018605792240873914,0.08173663930638601,fault
9.797979797979798,-0.07588929112902619,0.013258766612096545,0.0829222644156702,fault
9.8989898989899,-0.028046300165793382,0.025699381473676935,0.07213685490248467,fault
10.0,-0.004154711437606828,0.028340622114168223,0.04020992689640011,fault
0.0,-0.008656160827532167,-0.35461859686913555,-0.5430279549505741,fault
0.10101010101010101,-0.17319657928941734,-0.4105333150075318,-0.4477052719988576,fault
0.20202020202020202,-0.27580890605797875,-0.4209607481879244,-0.35935475854425397,fault
0.30303030303030304,-0.33023261717663155,-0.3720626395422413,-0.22520620944095407,fault
0.40404040404040403,-0.35152072475914287,-0.30056422095438734,-0.09651223661538713,fault
0.5050505050505051,-0.3162031011564377,-0.23617618032456694,0.0012045990673436396,fault
0.6060606060606061,-0.2842017728215994,-0.13612695211590678,0.09019436052258792,fault
0.7070707070707071,-0.2007222392063329,-0.042054432867055604,0.15379800599440335,fault
0.8080808080808081,-0.13844336122459033,0.049717225032535145,0.1675060101406746,fault
0.9090909090909091,-0.04667485073573369,0.08931245275455454,0.19446765929155285,fault
1.0101010101010102,0.011465018751288874,0.1204368729230463,0.1589816452634078,fault
1.1111111111111112,0.04320440557991362,0.12603200702323344,0.13010500574403353,fault
1.2121212121212122,0.0566585240539298,0.09726192422919212,0.07410251894467139,fault
1.3131313131313131,0.056153308836926326,0.06621162143413427,0.03468363326081323,fault
1.4141414141414141,0.03204989989288429,0.0303823132480604,0.011694266557708466,fault
1.5151515151515151,-0.0,-0.0,0.0,fault
1.6161616161616161,-0.030557512108229025,-0.009766963442016623,0.012293209159958901,fault
1.7171717171717171,-0.049817880172589736,-0.0059791472972654585,0.04143219829757964,fault
1.8181818181818181,-0.04755760800276741,0.02563031964278134,0.08709933908836431,fault
1.9191919191919191,-0.03315159118115222,0.06574544650343571,0.13611232804837411,fault
2.0202020202020203,0.025997013220364976,0.1363974421179463,0.1734058064141675,fault
2.121212121212121,0.06781792275424792,0.19349727291946373,0.16987569895039412,fault
2.2222222222222223,0.15348906138193544,0.230457021831416,0.19260124162981007,fault
2.323232323232323,0.19934524231619818,0.2701143166453579,0.1442990433085808,fault
2.4242424242424243,0.2857862690796751,0.27425746092570324,0.08124393638600681,fault
2.525252525252525,0.3097708956598606,0.24455872968874764,-0.03286729327885277,fault
2.6262626262626263,0.33289231961933524,0.10186602709283693,-0.13690881923350748,fault
2.727272727272727,0.32446681250977905,0.026571568088852904,-0.2600651113977172,fault
2.8282828282828283,0.20891009275044684,-0.08658846252090671,-0.3999661536290891,fault
2.929292929292929,0.12370005538346428,-0.2459738218620696,-0.4021617551418148,fault
3.0303030303030303,-0.03457622521903893,-0.4028781481248169,-0.5052584979241678,fault
3.131313131313131,-0.22400294568749896,-0.4798422226291088,-0.4271297486487484,fault
3.2323232323232323,-0.3593209691844882,-0.6057282040192717,-0.43303702408136485,fault
3.3333333333333335,-0.5337670573137742,-0.526079192029333,-0.3260469500882999,fault
3.4343434343434343,-0.6427614483836674,-0.5413563220265412,-0.15252731978727013,fault
3.5353535353535355,-0.6309251913359658,-0.37812871465523445,0.1404819913942982,fault
3.6363636363636362,-0.6120077402733975,-0.22073959691008294,0.31573813859520333,fault
3.7373737373737375,-0.49760193641947464,-0.0549102921196146,0.5304022878008261,fault
3.8383838383838382,-0.3616591541069492,0.3202091180652307,0.6278630878225159,fault
3.9393939393939394,-0.169900220621663,0.4863847980193109,0.7559105833353823,fault
4.040404040404041,0.12340044354152252,0.7311712365604435,0.7948602175568097,fault
4.141414141414141,0.37289560150547274,0.7890981748399681,0.7753769288708665,fault
4.242424242424242,0.6179219241386946,0.8571607735899213,0.6620241181029202,fault
4.343434343434343,0.8379207728445954,0.8143435373239649,0.42539707234206087,fault
4.444444444444445,0.9356849868988454,0.7191313780927592,0.15790006442904667,fault
4.545454545454545,1.0030084453582542,0.524198158079474,-0.055610724939114786,fault
4.646464646464646,0.9601033671461923,0.29292600298350757,-0.43874059844819957,fault
4.747474747474747,0.8075143075588168,0.034424285042025,-0.7965491023880332,fault
4.848484848484849,0.5021695986654016,-0.3529171493278732,-0.9670325805216519,fault
4.94949494949495,0.16528898791300656,-0.6077623224553377,-1.1001149985532774,fault
5.05050505050505,-0.17062066278296859,-0.8529695049503737,-1.0815588864415555,fault
5.151515151515151,-0.5883827183619628,-1.1411312782585339,-1.1383008584254783,fault
5.252525252525253,-0.9158162712154436,-1.1413984407763744,-0.8966530598177211,fault
5.353535353535354,-1.057062337409535,-1.1312359225927526,-0.556503648700438,fault
5.454545454545454,-1.3287838867360275,-1.0669349949294273,-0.30695736386349964,fault
5.555555555555555,-1.220616405793906,-0.835667037555338,0.2643764746857793,fault
5.656565656565657,-1.163162207067138,-0.1772834745752592,0.6528092876337709,fault
5.757575757575758,-0.9761356931061657,0.030341895050990393,0.9969218236218887,fault
5.858585858585858,-0.6979651083419044,0.5076376852211338,1.3624630866872416,fault
5.959595959595959,-0.29158575643652435,0.9842817924580546,1.4529373521983757,fault
6.0606060606060606,0.3886448010582549,1.1778343624413916,1.346446415038229,fault
6.161616161616162,0.6426750249062664,1.4134225643820664,1.3381650632067894,fault
6.262626262626262,1.1188045351461475,1.4175065399645992,0.9179974102481728,fault
6.363636363636363,1.310673709092477,1.3675559154640067,0.5480712347821666,fault
6.4646464646464645,1.335018366190188,1.1639137291481019,0.21189528813375685,fault
6.565656565656566,1.341331288009984,0.7471359090687223,-0.20956327207162573,fault
6.666666666666667,1.0987212119735523,0.3679184877043046,-0.6302020752108076,fault
6.767676767676767,0.8453096504826543,-0.13094929295092997,-1.0171332826694657,fault
6.8686868686868685,0.46740271425987273,-0.44017975449248575,-1.1596455445102467,fault
6.96969696969697,0.15327350708565732,-0.654524479691024,-1.057702103278382,fault
7.070707070707071,-0.24010526070063873,-0.9540130890261314,-1.1256534686503035,fault
7.171717171717171,-0.5441644836853724,-1.1044769967408659,-1.0399776309890263,fault
7.2727272727272725,-0.7447867334919135,-1.0798446073333041,-0.7132156469121856,fault
7.373737373737374,-0.9229660508615507,-0.9004473767658654,-0.4041349777051541,fault
7.474747474747475,-1.010128098544228,-0.7232004723086602,-0.0750083527995606,fault
7.575757575757575,-0.8680641424349683,-0.45780103305641895,0.18386637159484698,fault
7.6767676767676765,-0.8123513584179439,-0.1401912018626464,0.4424630848537702,fault
7.777777777777778,-0.5520241684338284,0.11803361297282956,0.6527387251552365,fault
7.878787878787879,-0.3696366175715215,0.3079183638360286,0.7977629377215925,fault
7.979797979797979,-0.04627463047115927,0.49410902004269025,0.7869837515639865,fault
8.080808080808081,0.22952286379455508,0.6338743998950348,0.7458195233006066,fault
8.181818181818182,0.41700625843589584,0.7073547061126102,0.6419835512917493,fault
8.282828282828282,0.5322583177599531,0.6991937819428142,0.40808381674649713,fault
8.383838383838384,0.5931535559533712,0.5631716285868457,0.24532314480744832,fault
8.484848484848484,0.6029791919253489,0.44339691748059934,0.03381857002022596,fault
8.585858585858587,0.5673560609836058,0.2756737668644964,-0.15345357465642578,fault
8.686868686868687,0.4756020253550297,0.12647443052048057,-0.306244006993287,fault
8.787878787878787,0.3454904004138144,-0.07178599526101037,-0.3762858507916032,fault
8.88888888888889,0.17491415097354884,-0.18923862502503944,-0.4115703714931611,fault
8.98989898989899,-0.011786515256599763,-0.21349811190816176,-0.4289583567010232,fault
9.09090909090909,-0.11413100160995279,-0.3277991457084889,-0.368945573394755,fault
9.191919191919192,-0.20837292098564103,-0.32389351650802245,-0.2744920317031744,fault
9.292929292929292,-0.22817350373244794,-0.26030516979743007,-0.19102988918904643,fault
9.393939393939394,-0.24998942773923297,-0.23958491875626894,-0.05995946950794641,fault
9.494949494949495,-0.21536732406414277,-0.1428683212037831,-0.015500282454288111,fault
9.595959595959595,-0.18939589019216918,-0.08001988533365269,0.052513576239604544,fault
9.696969696969697,-0.1226190582961542,-0.010459456935223118,0.0924185025383164,fault
9.797979797979798,-0.07019507907275832,0.018187374797159525,0.09754288586015777,fault
9.8989898989899,-0.023974751668698047,0.03480233052923916,0.0731672791176152,fault
10.0,0.0019355072682059452,0.02420863533725978,0.03598012259458299,fault
0.0,-0.011960123164459956,-0.39291151892709336,-0.533293221248017,fault
0.10101010101010101,-0.15152118121290953,-0.4129834799243366,-0.40824461530122336,fault
0.20202020202020202,-0.25287745103987125,-0.41391361201217636,-0.3592565523132271,fault
0.30303030303030304,-0.3342769565553576,-0.3979976289086604,-0.2295350999172356,fault
0.40404040404040403,-0.342053572306296,-0.3289983068336933,-0.11166291580227873,fault
0.5050505050505051,-0.3521531454495111,-0.23644990147823558,0.015697850605593568,fault
0.6060606060606061,-0.27288590431292836,-0.11560366419266381,0.09285370720593415,fault
0.7070707070707071,-0.2098650680302416,-0.027366637141579202,0.1712592122603016,fault
0.8080808080808081,-0.14306648260354168,0.05239844733631976,0.19094885732904973,fault
0.9090909090909091,-0.029430029398868025,0.09854351183663004,0.19777117381152842,fault
1.0101010101010102,0.015409232301047217,0.11164078136075803,0.15094390261856963,fault
1.1111111111111112,0.044926649797468965,0.12063490329094875,0.13562617781280217,fault
1.2121212121212122,0.06631228049350256,0.09765507562437249,0.08073090223928955,fault
1.3131313131313131,0.058252844016955165,0.06392038022142307,0.03699915033450398,fault
1.4141414141414141,0.03290521685515736,0.026860828934867558,0.010223767533421736,fault
1.5151515151515151,-0.0,-0.0,0.0,fault
1.6161616161616161,-0.03049136875226859,-0.013299010660936604,0.012267064936430492,fault
1.7171717171717171,-0.057689509065687275,-0.004232987557993131,0.04148614935845256,fault
1.8181818181818181,-0.05558214261132457,0.02086596624962717,0.0859301095379288,fault
1.9191919191919191,-0.0418459874595289,0.06713065636413777,0.12320296024705678,fault
2.0202020202020203,0.014240033482118934,0.12305074528417356,0.16761742156431203,fault
2.121212121212121,0.07314685746615684,0.16640405619135845,0.18303636247164323,fault
2.2222222222222223,0.1583173531860981,0.2565705922366533,0.1894848113967859,fault
2.323232323232323,0.21521807363576373,0.25810127088785206,0.12641598191288503,fault
2.4242424242424243,0.2955943115183521,0.28452089236634615,0.0425644899752629,fault
2.525252525252525,0.3010566703728742,0.197098158117853,-0.044363377584266915,fault
2.6262626262626263,0.335893171862908,0.1363148298592441,-0.1576034226546492,fault
2.727272727272727,0.2685102730547362,0.02894315148011535,-0.23144341292907528,fault
2.8282828282828283,0.23002868824031736,-0.11874230891401549,-0.3684268173014128,fault
2.929292929292929,0.11397675598979609,-0.2728620592690227,-0.4294231672529061,fault
3.0303030303030303,-0.03740279242505322,-0.3900536912602008,-0.49356655829583473,fault
3.131313131313131,-0.22452848409189255,-0.48876654836737166,-0.5170438028745807,fault
3.2323232323232323,-0.4095373996026155,-0.5514763339132769,-0.4434300249231604,fault
3.3333333333333335,-0.48386160117053634,-0.5718319234323371,-0.31558694391222664,fault
3.4343434343434343,-0.5579029436570374,-0.48225681137797444,-0.0801136081072544,fault
3.5353535353535355,-0.712133712422719,-0.4565659148076978,0.028683837295419866,fault
3.6363636363636362,-0.6665260594309895,-0.27869274280448014,0.3010989021352587,fault
3.7373737373737375,-0.5288623193559752,-0.03527079805954924,0.43982934543230495,fault
3.8383838383838382,-0.3592116273133641,0.17107499159301315,0.7625547577236631,fault
3.9393939393939394,-0.1749824595177884,0.4611305795933948,0.7770923608598257,fault
4.040404040404041,0.10589766985082996,0.7032272248898992,0.8604964860003057,fault
4.141414141414141,0.39264643634421115,0.7801126195014425,0.7285468116638639,fault
4.242424242424242,0.6201053820500209,0.8627888127522432,0.6567910824407713,fault
4.343434343434343,0.8212295606763714,0.8567659644352037,0.42051079229640476,fault
4.444444444444445,0.9010097397175264,0.7273016088409714,0.15430072190271665,fault
4.545454545454545,1.052243833358081,0.6214261154169421,-0.18676472957136966,fault
4.646464646464646,0.9384392236164523,0.28504287640885334,-0.4095569667256967,fault
4.747474747474747,0.8073185959959064,0.008503365515128888,-0.8077457803030725,fault
4.848484848484849,0.5060586817614078,-0.28953136990904105,-1.049610194178244,fault
4.94949494949495,0.1402406435142715,-0.6026250715008814,-1.1341845562126442,fault
5.05050505050505,-0.24586814819293554,-0.9792722949595019,-1.098365270490282,fault
5.151515151515151,-0.5428215844618793,-1.104545742972685,-1.0189141567843512,fault
5.252525252525253,-0.8225528379560377,-1.255871623857391,-0.9354091949567346,fault
5.353535353535354,-0.8579906290843264,-1.109491871800269,-0.5893306790303151,fault
5.454545454545454,-1.2965422394022779,-0.925154012479015,-0.16872542684016995,fault
5.555555555555555,-1.339344062472642,-0.6738627508593982,0.29474384545504695,fault
5.656565656565657,-1.1985078724043425,-0.43692288896156095,0.6474722191771817,fault
5.757575757575758,-1.0001443562695098,-0.14683948293269045,0.9591436811020704,fault
5.858585858585858,-0.6315933686083799,0.5036764662686087,1.2035022193140616,fault
5.959595959595959,-0.17678724384691116,0.7676513849994422,1.4506889418897666,fault
6.0606060606060606,0.23825867275155405,1.250169894047776,1.458923219700714,fault
6.161616161616162,0.5755156558114358,1.3668101879713281,1.2752798537290408,fault
6.262626262626262,1.147473934557939,1.3843133170026807,0.9327133704468952,fault
6.363636363636363,1.3496111769811723,1.232999818006334,0.4450763476750692,fault
6.4646464646464645,1.2985572841128536,1.0047406415718718,0.19529948271931122,fault
6.565656565656566,1.25321451040597,0.7003825908507554,-0.2561977887439278,fault
6.666666666666667,1.1442467088117059,0.4700857001693135,-0.5414358031221851,fault
6.767676767676767,0.9835966502327409,-0.11418586773434769,-0.9104183848419916,fault
6.8686868686868685,0.4590468068878997,-0.40112489581267596,-1.1149232284039932,fault
6.96969696969697,0.07160348050921676,-0.7679504776896553,-1.1418636002280393,fault
7.070707070707071,-0.22699240920908137,-0.8531900481393677,-1.0447678539415086,fault
7.171717171717171,-0.5301390616702283,-0.9436199697138128,-0.9842702272817696,fault
7.2727272727272725,-0.7667174320032704,-1.1423581662233258,-0.6527298089004704,fault
7.373737373737374,-0.9148457408312065,-0.8815307876810914,-0.4248865806782011,fault
7.474747474747475,-0.9510913035276121,-0.7928367464493262,-0.11454196069540037,fault
7.575757575757575,-0.8846439681351749,-0.4608492578934161,0.2726866927369186,fault
7.6767676767676765,-0.7441667337408897,-0.15130356487634422,0.43931199291226686,fault
7.777777777777778,-0.6263009637932222,0.10630080586228485,0.6363702780272648,fault
7.878787878787879,-0.26869316411100913,0.3712125611159439,0.7726152936449251,fault
7.979797979797979,-0.04196278419013833,0.5540601007854754,0.7690081917695089,fault
8.080808080808081,0.191894622094502,0.6651710952409136,0.7263892371674945,fault
8.181818181818182,0.38350882369477407,0.7287660659742777,0.5699343827298693,fault
8.282828282828282,0.511235647543555,0.631539036682466,0.3981044286563407,fault
8.383838383838384,0.5793152738475146,0.6037339880348481,0.23895056806631718,fault
8.484848484848484,0.6014891514312573,0.4424749506144542,0.034147829363473575,fault
8.585858585858587,0.5598584465982619,0.2963459049502887,-0.13135128497064255,fault
8.686868686868687,0.44947390884285615,0.12954998253579597,-0.25805696559666047,fault
8.787878787878787,0.3311505374882908,-0.0304317041618859,-0.4130603846093917,fault
8.88888888888889,0.12479779745941852,-0.19360506300709032,-0.4257779336351134,fault
8.98989898989899,0.06143523708152421,-0.2759808177973703,-0.39822211231776367,fault
9.09090909090909,-0.0923927155600926,-0.32847394358284077,-0.39487617452929796,fault
9.191919191919192,-0.19098594171123015,-0.3456910682770204,-0.25635658972063463,fault
9.292929292929292,-0.22889240845846875,-0.30055324849010856,-0.19037833151240507,fault
9.393939393939394,-0.2545265977334914,-0.23116558597379658,-0.10246215943912285,fault
9.494949494949495,-0.20684029211172722,-0.16126595517754622,-0.014806225550728228,fault
9.595959595959595,-0.19160451714456594,-0.09502826223818865,0.06433448193993992,fault
9.696969696969697,-0.12868071929846864,-0.02915961750027174,0.10125326060480812,fault
9.797979797979798,-0.06846883882634457,0.02192723167094464,0.09593769309894064,fault
9.8989898989899,-0.02139744618939645,0.03396826200889734,0.06829608483926444,fault
10.0,0.00022841829779166522,0.025221402700643072,0.0406944856052365,fault
0.0,-0.012390947259921884,-0.34116255202919765,-0.5031822800418692,fault
0.10101010101010101,-0.17234444649578634,-0.41073839863345996,-0.41736198470739794,fault
0.20202020202020202,-0.28945490954653447,-0.43306402066171723,-0.361061059953289,fault
0.30303030303030304,-0.3168672584788996,-0.40889044168988775,-0.23304318075715816,fault
0.40404040404040403,-0.333347551708338,-0.3329324523656511,-0.10376927484907814,fault
0.5050505050505051,-0.28722689031493803,-0.25012101837322576,-0.017943499511940818,fault
0.6060606060606061,-0.30357419001003577,-0.13664461850397602,0.1065564176948195,fault
0.7070707070707071,-0.20830075635124334,-0.028211462191310873,0.1894667505531789,fault
0.8080808080808081,-0.1239138334182087,0.04413685770182364,0.20686156243871803,fault
0.9090909090909091,-0.03892020368013119,0.08680985788025132,0.19278381607395234,fault
1.0101010101010102,0.006014457385843381,0.11664590129999847,0.15896254702698287,fault
1.1111111111111112,0.04651979382172273,0.11980313440501017,0.13170266288064547,fault
1.2121212121212122,0.06167081071020559,0.10626748161485138,0.08033555878735799,fault
1.3131313131313131,0.057855966786770976,0.06347188548801658,0.0320070506502914,fault
1.4141414141414141,0.03140084406612262,0.027346143118921,0.01232350590579741,fault
1.5151515151515151,-0.0,-0.0,-0.0,fault
1.6161616161616161,-0.028793675188973127,-0.014364910214425066,0.015388361621832054,fault
1.7171717171717171,-0.0522241608681608,-0.0021846548761506523,0.04152528033545558,fault
1.8181818181818181,-0.04748805088476602,0.01968202193981964,0.08657870835548336,fault
1.9191919191919191,-0.035271381464812256,0.06402295759159714,0.11590309588802114,fault
2.0202020202020203,0.004435859273228489,0.1482099410834033,0.16070039059499927,fault
2.121212121212121,0.07500904323503742,0.19089480139177414,0.19926608739223353,fault
2.2222222222222223,0.15338496104931176,0.235785445733002,0.18962163308723262,fault
2.323232323232323,0.197851704369415,0.24579736936650495,0.12540557373365632,fault
2.4242424242424243,0.2723776528183675,0.25084237448482416,0.07278802637477086,fault
2.525252525252525,0.3447828153177032,0.23719142382302355,-0.04702257952055596,fault
2.6262626262626263,0.33472345661951297,0.15042264702351837,-0.16007500911540384,fault
2.727272727272727,0.30768268184124525,0.03307835247752237,-0.2535553975347636,fault
2.8282828282828283,0.24375261868575232,-0.12209585646434301,-0.39641535093128744,fault
2.929292929292929,0.08922402199556162,-0.2720351691579667,-0.4689236583720895,fault
3.0303030303030303,-0.03864588496397518,-0.33564424494058615,-0.537087007620934,fault
3.131313131313131,-0.24670248119120552,-0.4972586673174381,-0.47977793124420076,fault
3.2323232323232323,-0.3536438379738096,-0.5302121054168262,-0.46995240909700625,fault
3.3333333333333335,-0.5116359240538658,-0.5428740166130442,-0.27735564461868856,fault
3.4343434343434343,-0.6319824451567265,-0.5673104497431208,-0.16845437177982092,fault
3.5353535353535355,-0.6607133275211253,-0.38609405432899024,0.10967590457594147,fault
3.6363636363636362,-0.6028052422083369,-0.20795680199160094,0.30276582811482283,fault
3.7373737373737375,-0.5975632408042764,-0.012723671037651953,0.5696728740164244,fault
3.8383838383838382,-0.33994090171272173,0.21549053129730872,0.6967092789520896,fault
3.9393939393939394,-0.12955983894111045,0.4426034264451835,0.8680062962281604,fault
4.040404040404041,0.11144454632370769,0.643472562990071,0.8322004676688166,fault
4.141414141414141,0.37698371268607406,0.815311808823154,0.7335547674269725,fault
4.242424242424242,0.6380319081198392,0.8777995521437235,0.6267267588367693,fault
4.343434343434343,0.9260318727158463,0.8504360545708521,0.525799460724035,fault
4.444444444444445,0.962363287982654,0.7810297120065158,0.1759547783200266,fault
4.545454545454545,0.9445206832057711,0.6166562023692762,-0.1670604984617825,fault
4.646464646464646,0.8898147581508968,0.3136974668616817,-0.4619604536418718,fault
4.747474747474747,0.7431143168105049,-0.048309546338651,-0.8178394157806272,fault
4.848484848484849,0.42587654402057906,-0.2374616344659841,-0.9940431585617184,fault
4.94949494949495,0.16848972933292836,-0.6559958714456173,-1.0407077491228134,fault
5.05050505050505,-0.24614867421284528,-1.0402748153709498,-1.2428155424847322,fault
5.151515151515151,-0.6437260066507459,-1.0382322960317452,-1.1119110141995325,fault
5.252525252525253,-0.8037234554215185,-1.236278567726352,-0.9999113310846105,fault
5.353535353535354,-1.1809337130333655,-1.2405252351942808,-0.6049647036148547,fault
5.454545454545454,-1.2794307472080406,-1.0970825534459232,-0.1390399378101968,fault
5.555555555555555,-1.298853132203365,-0.7936956680660312,0.311679259647722,fault
5.656565656565657,-1.2132039147067488,-0.25789777035735134,0.6722903245442159,fault
5.757575757575758,-0.9046007470718339,0.0927591359795941,1.167365620255615,fault
5.858585858585858,-0.6036365783033091,0.35777100113149496,1.2223533530526054,fault
5.959595959595959,-0.1485157948075832,0.8148148351083396,1.3311355222794956,fault
6.0606060606060606,0.2409305779229191,1.245993795568624,1.4323312049488448,fault
6.161616161616162,0.7441315868722174,1.349416618713604,1.3245740321605401,fault
6.262626262626262,0.970960359292482,1.4196844392323917,1.0629551230446792,fault
6.363636363636363,1.2333911097759316,1.357896308758042,0.544965901259583,fault
6.4646464646464645,1.3396683332991954,1.0403671754517312,0.16172391630784877,fault
6.565656565656566,1.2658779018859727,0.6821447678677155,-0.22735795717564483,fault
6.666666666666667,1.15293682179468,0.48617243416128625,-0.6317921127015241,fault
6.767676767676767,0.8991435689676641,-0.10796192028924531,-0.9418093109937469,fault
6.8686868686868685,0.45066050454623874,-0.5008204087206978,-1.1053811369185094,fault
6.96969696969697,0.10116106881616135,-0.7705378473122618,-1.0912485198218536,fault
7.070707070707071,-0.22181944235259962,-0.9604595073545632,-1.1398094047111813,fault
7.171717171717171,-0.6060912314692982,-1.1274040873926663,-0.9938398539864334,fault
7.2727272727272725,-0.8144928273513459,-1.038353346447331,-0.6819014014899026,fault
7.373737373737374,-1.0325175657791696,-0.9203781655507188,-0.4424639795861701,fault
7.474747474747475,-0.9462176287765427,-0.7394579613060427,-0.08273771889730994,fault
7.575757575757575,-1.0358517242383114,-0.5466257576112915,0.2091206010101629,fault
7.6767676767676765,-0.7986374858886695,-0.18406711803079026,0.4473425573440889,fault
7.777777777777778,-0.5671536640610567,0.02857109119360021,0.6365085765266567,fault
7.878787878787879,-0.32977126007254537,0.3464640765976377,0.7885292056713664,fault
7.979797979797979,-0.010353440368996675,0.4857111181782159,0.7570059748830451,fault
8.080808080808081,0.23858964706507094,0.6165702410265563,0.7169843084982808,fault
8.181818181818182,0.3696316021229888,0.6876354838908475,0.5209067841891886,fault
8.282828282828282,0.5642169412673211,0.693224428646209,0.42888469966882303,fault
8.383838383838384,0.602528300530722,0.5970590900884059,0.2596206249620002,fault
8.484848484848484,0.6215388227853197,0.42384919340994065,0.04493884164521206,fault
8.585858585858587,0.5433108442005111,0.2740531066970433,-0.18670948396477463,fault
8.686868686868687,0.45657174573998327,0.10722329585387573,-0.2893249462407175,fault
8.787878787878787,0.33333811959698384,-0.07409014905421782,-0.35840105100504593,fault
8.88888888888889,0.13445917574276645,-0.16677946588777412,-0.45282163404191794,fault
8.98989898989899,0.022992045312004782,-0.24733932598811947,-0.3768683978194981,fault
9.09090909090909,-0.12424514316053999,-0.3266934166833823,-0.34827794269645773,fault
9.191919191919192,-0.21193659490584751,-0.33664433114071635,-0.27028613758122005,fault
9.292929292929292,-0.2380490179487526,-0.31204841151235124,-0.19510004063236372,fault
9.393939393939394,-0.26106591471476165,-0.23430719591134586,-0.08440131156175756,fault
9.494949494949495,-0.22874225217016855,-0.16309300530594623,0.005240830497956629,fault
9.595959595959595,-0.16824883127764564,-0.0940305830955134,0.06275945515366092,fault
9.696969696969697,-0.11248317683533497,-0.026175338159501634,0.10395966556320103,fault
9.797979797979798,-0.06396504920757583,0.02213808914351135,0.10033116710918252,fault
9.8989898989899,-0.02370109233738482,0.03686266673356066,0.06520493819877016,fault
10.0,-0.001852745881338771,0.025909423021692152,0.03496592468094766,fault
0.0,-0.02198650781055417,-0.3553593358548256,-0.5042670449195498,fault
0.10101010101010101,-0.12102187266990165,-0.41934924412772395,-0.4264545135743765,fault
0.20202020202020202,-0.22771830906873738,-0.402683730989888,-0.350339464809253,fault
0.30303030303030304,-0.3087450479247379,-0.3896155340228349,-0.1852232696934787,fault
0.40404040404040403,-0.33398061730115064,-0.3272447551428125,-0.08564913663880956,fault
0.5050505050505051,-0.32104756306860854,-0.24108017170345822,0.007083323045168377,fault
0.6060606060606061,-0.3043091492178475,-0.13903679972425795,0.09280326619173658,fault
0.7070707070707071,-0.2213565952548299,-0.027304911278178638,0.16387191226113648,fault
0.8080808080808081,-0.13971208886078262,0.03579695866018024,0.2079874681820258,fault
0.9090909090909091,-0.08573074382236039,0.09151421551095028,0.1973931733885557,fault
1.0101010101010102,0.017176339545204,0.13195006098817327,0.16913584358491626,fault
1.1111111111111112,0.04533069088849473,0.12827778608553883,0.11872821464388589,fault
1.2121212121212122,0.06274136079125353,0.10210344918076816,0.07609879753362817,fault
1.3131313131313131,0.05279974826312194,0.0705443948663529,0.030910956680166104,fault
1.4141414141414141,0.031562677548199844,0.027245361818133612,0.006197350024176412,fault
1.5151515151515151,-0.0,-0.0,0.0,fault
1.6161616161616161,-0.03191066722719019,-0.01211208733855269,0.011841218049947165,fault
1.7171717171717171,-0.05087632906226783,-0.009246829240709851,0.03876408990855799,fault
1.8181818181818181,-0.05507140089031216,0.017398188416049246,0.08482517285884793,fault
1.9191919191919191,-0.025381796452083535,0.06768970199438332,0.11825060866177173,fault
2.0202020202020203,0.004925750676984426,0.1263898792253872,0.15215166219553392,fault
2.121212121212121,0.07675308546357801,0.18524393059515062,0.1828512775144614,fault
2.2222222222222223,0.14330238966270256,0.23355039290534987,0.211852417879627,fault
2.323232323232323,0.22361277728211876,0.23577368620582692,0.14608474827290482,fault
2.4242424242424243,0.29497697090346137,0.2515752722290229,0.054574653606031066,fault
2.525252525252525,0.32844146743840597,0.20821449350462798,-0.012049749761596703,fault
2.6262626262626263,0.3479048939843821,0.13933446074797265,-0.13945071122824715,fault
2.727272727272727,0.2586862352690648,0.03389627797270533,-0.2614000412089014,fault
2.8282828282828283,0.22162194381645386,-0.09394663388810415,-0.38696255687036,fault
2.929292929292929,0.09539772821191317,-0.26702883189596743,-0.4365496604664051,fault
3.0303030303030303,-0.0690062890203958,-0.4260701469533661,-0.4807218188430057,fault
3.131313131313131,-0.23279118247061864,-0.4903000515289539,-0.44840999789800684,fault
3.2323232323232323,-0.37170952480552316,-0.5405438809493184,-0.4395602366023679,fault
3.3333333333333335,-0.505719890672903,-0.4944364059421052,-0.3167889571506114,fault
3.4343434343434343,-0.5921899493614466,-0.5320507014066738,-0.1095185859567011,fault
3.5353535353535355,-0.6947369570374329,-0.4609972787340262,0.06386798251414869,fault
3.6363636363636362,-0.6064849290178481,-0.2669786114809301,0.2792266383937848,fault
3.7373737373737375,-0.5271697831007118,0.01777726534948833,0.4706892456864479,fault
3.8383838383838382,-0.365952047651066,0.19707531617511517,0.6834814540892453,fault
3.9393939393939394,-0.1663295951481622,0.4905913545573304,0.7714451562948721,fault
4.040404040404041,0.04045002037031209,0.6723614455499706,0.7640127810548722,fault
4.141414141414141,0.4351689562585441,0.8785224238172372,0.8109426804798727,fault
4.242424242424242,0.5730311069449835,0.9265526796356356,0.6624004517850549,fault
4.343434343434343,0.8713260099212173,0.9968718995506058,0.46355435468967426,fault
4.444444444444445,0.9545878445936434,0.778117369622085,0.07632443513335117,fault
4.545454545454545,1.0277869516535019,0.5751322999913218,-0.1160842446632722,fault
4.646464646464646,1.0205900044859977,0.28392792959479335,-0.44683944617272103,fault
4.747474747474747,0.8118685106087775,-0.0026375532311663378,-0.7912385210237755,fault
4.848484848484849,0.5015738381834862,-0.3266273112857062,-1.1185685056843266,fault
4.94949494949495,0.15278673269291645,-0.6657237747479573,-1.174355932293276,fault
5.05050505050505,-0.07818335397082773,-0.9662215196697591,-1.2199472912598641,fault
5.151515151515151,-0.53192943362655,-1.0764499232700369,-1.0841181405692553,fault
5.252525252525253,-0.8697492864521787,-1.2672408300382116,-0.7449045273972615,fault
5.353535353535354,-1.194770689451571,-1.1516612596069595,-0.5134216720035314,fault
5.454545454545454,-1.2384677436258822,-1.0649413588424452,-0.14343375094000277,fault
5.555555555555555,-1.276752941043762,-0.773506890658693,0.1443085838447995,fault
5.656565656565657,-1.2990728776572367,-0.3123792342965589,0.5794373647453371,fault
5.757575757575758,-0.9873119172032377,0.08901228909220855,1.0448937971155854,fault
5.858585858585858,-0.5946855308342547,0.5195327995771255,1.2411673979868054,fault
5.959595959595959,-0.1061893932877966,0.9521372606299413,1.530062442819496,fault
6.0606060606060606,0.3646097877166267,1.2907065299649274,1.3445757340712639,fault
6.161616161616162,0.7361392466379714,1.526222076485991,1.207778642986425,fault
6.262626262626262,1.0609933676825904,1.4195969604330954,1.1939781836578447,fault
6.363636363636363,1.3327237936405985,1.2014377542755672,0.534574159415363,fault
6.4646464646464645,1.3866570221655623,1.171388464450219,0.13362428833172904,fault
6.565656565656566,1.314256456404078,0.6384816263586441,-0.4801904256084186,fault
6.666666666666667,1.1447941840277598,0.3043728226597811,-0.5121886002272884,fault
6.767676767676767,0.8425867516914708,-0.08391167487035847,-1.0903581884770035,fault
6.8686868686868685,0.5791022987922049,-0.4187186921594055,-1.0977986962093143,fault
6.96969696969697,0.061747605029979336,-0.7719368157566794,-1.1753330614056083,fault
7.070707070707071,-0.3492963555746642,-0.9318196177596779,-0.9963287678674533,fault
7.171717171717171,-0.5525743045862553,-1.0590245495883406,-0.9715688123005302,fault
7.2727272727272725,-0.8467989376851085,-1.0511499966783526,-0.7069085208234472,fault
7.373737373737374,-0.878337301179794,-0.8642855220992663,-0.4614623300653289,fault
7.474747474747475,-0.9812022935193394,-0.7097978972482188,0.0021878536544748996,fault
7.575757575757575,-0.9037252670809018,-0.3781809709895895,0.18530405240179404,fault
7.6767676767676765,-0.7725849575908345,-0.182809557452211,0.49415461083625084,fault
7.777777777777778,-0.5899078652609719,-0.010842575225098103,0.6869483588642373,fault
7.878787878787879,-0.31288328048140257,0.3664850701015246,0.7342472455216156,fault
7.979797979797979,-0.08414954238601097,0.5580253314433198,0.7334961841398715,fault
8.080808080808081,0.17171827386740326,0.6576698569892852,0.7362113182559384,fault
8.181818181818182,0.38080965781599596,0.7694007820325371,0.6164529251493368,fault
8.282828282828282,0.5473111091824491,0.6001605599120027,0.3542444451631595,fault
8.383838383838384,0.5193545328396608,0.6035926608521187,0.22188313980668367,fault
8.484848484848484,0.542808775292328,0.4534373168081672,0.02914990704173212,fault
8.585858585858587,0.521350955479928,0.3263793037436588,-0.10269497706907378,fault
8.686868686868687,0.4746423632360775,0.12140254329941105,-0.26933421423367354,fault
8.787878787878787,0.27497390068458116,-0.09943220638437258,-0.3845123875240656,fault
8.88888888888889,0.16653169435957135,-0.18613298745140688,-0.36679436418526074,fault
8.98989898989899,-0.00992503254221322,-0.27776896187824623,-0.4493866190421724,fault
9.09090909090909,-0.13170156120935406,-0.3279547979803709,-0.4076778841360994,fault
9.191919191919192,-0.186973229734193,-0.32603760854348823,-0.3069446541520185,fault
9.292929292929292,-0.2296095625102302,-0.3108374883137097,-0.17015873996366163,fault
9.393939393939394,-0.23080715765734766,-0.2209608347038439,-0.09492379486686806,fault
9.494949494949495,-0.20923186133494756,-0.178037954548723,-0.0046270150395429175,fault
9.595959595959595,-0.20012229550049782,-0.08457490594549677,0.048822886946638666,fault
9.696969696969697,-0.12335913966097535,-0.019924986370386193,0.08577215929057071,fault
9.797979797979798,-0.06887218085731056,0.014684036890302295,0.08504791311245774,fault
9.8989898989899,-0.02432582250898925,0.038444326906029586,0.07666873466958067,fault
10.0,0.0017403289136210876,0.022618614536477444,0.03362534768606951,fault
0.0,0.031438090537631073,-0.3562889018963528,-0.4823237174948999,fault
0.10101010101010101,-0.13238008599099105,-0.3891693897717536,-0.44182987526645123,fault
0.20202020202020202,-0.2545886958194932,-0.4228838737934426,-0.3421208453091765,fault
0.30303030303030304,-0.30794476465430726,-0.38675372357700316,-0.244381026903689,fault
0.40404040404040403,-0.3219254258984689,-0.3035816781612967,-0.13680830167490438,fault
0.5050505050505051,-0.3203653418287567,-0.23582544936796268,0.02757562345667216,fault
0.6060606060606061,-0.276110239118818,-0.11911940311593017,0.06883398507686066,fault
0.7070707070707071,-0.20053007897866904,-0.04931845736952147,0.16319747137890248,fault
0.8080808080808081,-0.12779300021798393,0.033555152810479924,0.19678053617590546,fault
0.9090909090909091,-0.06949565441093514,0.0914703018127454,0.19029658162991817,fault
1.0101010101010102,-0.007864598000936121,0.11538980948692842,0.1572373457704351,fault
1.1111111111111112,0.03473102883315051,0.1258626464252615,0.13073411116014358,fault
1.2121212121212122,0.06352089241294098,0.09943778163645285,0.07637339618140433,fault
1.3131313131313131,0.052414473664355574,0.06544192520211038,0.03516124738296245,fault
1.4141414141414141,0.030965241500696777,0.027579366380187525,0.009990543094561226,fault
1.5151515151515151,-0.0,-0.0,0.0,fault
1.6161616161616161,-0.03248947242700962,-0.014174776980601241,0.012824960670704749,fault
1.7171717171717171,-0.04936133717387966,-0.002471014885506141,0.03788716709666599,fault
1.8181818181818181,-0.047509382898603625,0.020965095864952207,0.07682366580586703,fault
1.9191919191919191,-0.03411538417015601,0.07346274195889411,0.1374112551169974,fault
2.0202020202020203,0.005493171653866961,0.13493401317843962,0.17114274449072053,fault
2.121212121212121,0.06803940835503246,0.17282942208135083,0.19612550551168217,fault
2.2222222222222223,0.14310717292110509,0.23960355778929351,0.1892213645607389,fault
2.323232323232323,0.22255617784984133,0.2579459240007702,0.14704030551704553,fault
2.4242424242424243,0.2810029321559304,0.24689401226347588,0.06254010031262648,fault
2.525252525252525,0.3206143085244711,0.19883596056255418,-0.027233539369510177,fault
2.6262626262626263,0.34926650630307804,0.12585282965707761,-0.1530757415500006,fault
2.727272727272727,0.25996407652423575,0.04894879418075322,-0.2406564761121418,fault
2.8282828282828283,0.23579247789754318,-0.11720409543017961,-0.3525802819366199,fault
2.929292929292929,0.09240684512134137,-0.22739267910508376,-0.48389611280377637,fault
3.0303030303030303,-0.11449041498391978,-0.36706869336743597,-0.509393997141804,fault
3.131313131313131,-0.21188905937936053,-0.45322776837431294,-0.44182514387764366,fault
3.2323232323232323,-0.3978183125141937,-0.6162899305015275,-0.48506138909094393,fault
3.3333333333333335,-0.5261203095204828,-0.5293099969253828,-0.30965484598357906,fault
3.4343434343434343,-0.5889760651532359,-0.5230023795854792,-0.13023740903614892,fault
3.5353535353535355,-0.6411244424680677,-0.3588191549473995,0.09411124195507266,fault
3.6363636363636362,-0.6803981584954757,-0.262468341870841,0.27752204161638094,fault
3.7373737373737375,-0.5486115845015528,0.0019751827514517366,0.5190881824177171,fault
3.8383838383838382,-0.4221701010022016,0.22421033313994312,0.6302045529086919,fault
3.9393939393939394,-0.17648246756513242,0.36324497445849463,0.7990428866426026,fault
4.040404040404041,0.03498281884094306,0.6336914789976388,0.8313763456542209,fault
4.141414141414141,0.38681069555810155,0.7370700861962216,0.8290618335277001,fault
4.242424242424242,0.5892311211058829,0.9326388849152678,0.672940931507922,fault
4.343434343434343,0.8513301337017924,0.9536936015174671,0.49280956673126464,fault
4.444444444444445,0.825865859338932,0.7614531463108856,0.13296789494638142,fault
4.545454545454545,1.0216667761975309,0.5601633242952855,-0.09429340437695363,fault
4.646464646464646,0.973667714899124,0.4144841488378929,-0.44323521390360904,fault
4.747474747474747,0.768692294500016,0.006825262654151334,-0.7741871791823819,fault
4.848484848484849,0.4109563450976447,-0.2953333597386032,-0.9761095893252061,fault
4.94949494949495,0.12877808628989695,-0.6814494483777982,-1.1922157757980487,fault
5.05050505050505,-0.18498225353406975,-0.9498328558171861,-1.041677679003325,fault
5.151515151515151,-0.4684868903516275,-1.1052640910747176,-1.091323098797281,fault
5.252525252525253,-0.9338386743514625,-1.2746583251235781,-0.8331174538504927,fault
5.353535353535354,-1.1762446401006132,-1.1610844697895057,-0.6334344677024285,fault
5.454545454545454,-1.172069039560441,-0.9814296235309347,-0.11563557025298761,fault
5.555555555555555,-1.3512613446100707,-0.7225124262311865,0.18593527926299752,fault
5.656565656565657,-1.3256688153367702,-0.28584118611601067,0.6885187488294491,fault
5.757575757575758,-0.8466446756778029,0.029307737649322936,1.0382290705921027,fault
5.858585858585858,-0.6136235307283796,0.5115363325332264,1.3850460297369973,fault
5.959595959595959,-0.12978672155275112,0.9670367359884852,1.4339597517376057,fault
6.0606060606060606,0.2428427506865865,1.3151703576133587,1.5013255444852416,fault
6.161616161616162,0.6801248458232326,1.3560429150722426,1.2276664800970838,fault
6.262626262626262,1.1316568248724834,1.3349561655848527,0.9312141758559533,fault
6.363636363636363,1.3938093699092813,1.3695624014897947,0.6585784826033454,fault
6.4646464646464645,1.3305396681076918,1.0235071303655403,0.1176825919713923,fault
6.565656565656566,1.26131269783758,0.8452284112796955,-0.3058027921189589,fault
6.666666666666667,1.1422601831231634,0.26955010068963464,-0.7327136504755186,fault
6.767676767676767,0.764154452065199,-0.11374565733214315,-0.8529850965246523,fault
6.8686868686868685,0.3657622506118073,-0.5213396819246058,-1.0124310857510879,fault
6.96969696969697,0.11062088119257091,-0.7092444105250587,-1.1715099239882616,fault
7.070707070707071,-0.31781080375736204,-0.9526973781737067,-1.0803714176791137,fault
7.171717171717171,-0.667292585714876,-1.0636143776375875,-0.957677452417947,fault
7.2727272727272725,-0.8096991273107326,-1.065253151308663,-0.6434870479331415,fault
7.373737373737374,-0.9805838388942308,-0.9139388472507988,-0.29361031457255365,fault
7.474747474747475,-1.022880775409856,-0.7289959322830568,-0.02705663736245854,fault
7.575757575757575,-0.8354802600751723,-0.4431769575081827,0.2262764250047396,fault
7.6767676767676765,-0.8079120431117109,-0.19517240159363944,0.4950024361956859,fault
7.777777777777778,-0.5934255208405335,-0.005484393682561393,0.6740521433236387,fault
7.878787878787879,-0.25021979646838793,0.4035579591576295,0.8204915910977013,fault
7.979797979797979,-0.0518959905595101,0.5876708202158645,0.7160926861755783,fault
8.080808080808081,0.20168653892405036,0.6384427335802365,0.7397542838065473,fault
8.181818181818182,0.400652634703353,0.6806886216935577,0.6634867999615051,fault
8.282828282828282,0.5551328684181912,0.6909600470343251,0.4804956884638198,fault
8.383838383838384,0.5895223321536894,0.6250235932150555,0.25855986503884837,fault
8.484848484848484,0.5919260438116498,0.41669272815079494,0.017860951923437604,fault
8.585858585858587,0.5592672989141401,0.2905816410875786,-0.14144140835301733,fault
8.686868686868687,0.44188840593188955,0.08285303621668143,-0.28884437955026904,fault
8.787878787878787,0.3311730244706094,-0.06880051617918193,-0.3681638399508621,fault
8.88888888888889,0.16746365917039807,-0.21785699566095698,-0.4321749659426219,fault
8.98989898989899,-0.00734917960011736,-0.267087844282884,-0.40371270859228064,fault
9.09090909090909,-0.08865579869998283,-0.33225113612970775,-0.3405472282980389,fault
9.191919191919192,-0.2273821319428958,-0.33575061870251854,-0.25851088377118175,fault
9.292929292929292,-0.24365138060451483,-0.3075276714445692,-0.20633561225319913,fault
9.393939393939394,-0.22322368053382113,-0.2573430304009248,-0.0684742266095693,fault
9.494949494949495,-0.24197559541698874,-0.15926001717405835,0.008492973522071805,fault
9.595959595959595,-0.15631233832932584,-0.08351794684568423,0.044561321806280245,fault
9.696969696969697,-0.11841227566999606,-0.01710611391820232,0.08431028138067957,fault
9.797979797979798,-0.06552298570367082,0.018885071711579986,0.08983926837959309,fault
9.8989898989899,-0.018493493850029356,0.03520863351834094,0.06885708441081657,fault
10.0,-0.002282075820699113,0.02388928162890464,0.037035745776853125,fault
